scd_rxcui,ingredient_rxcui,strength_mg,description
861007,6809,500,metformin hydrochloride 500 MG Oral Tablet
197807,5640,800,ibuprofen 800 MG Oral Tablet
314076,29046,10,lisinopril 10 MG Oral Tablet
310429,4603,20,furosemide 20 MG Oral Tablet
1364445,1364430,5,apixaban 5 MG Oral Tablet
1364435,1364430,2.5,apixaban 2.5 MG Oral Tablet
1232086,1114195,20,rivaroxaban 20 MG Oral Tablet
1232082,1114195,15,rivaroxaban 15 MG Oral Tablet
1801294,8591,,potassium chloride 20 MEQ Extended Release Oral Tablet
310798,5487,25,hydrochlorothiazide 25 MG Oral Tablet
979492,52175,50,losartan potassium 50 MG Oral Tablet
198014,7258,500,naproxen 500 MG Oral Tablet
